Name	Sequences Inducing Cleavage	Sequences Preventing Cleavage	Cleavage Terminus	Cleavage Specificity	Notes
Arg-C	R		C	full
Asp-N	D		N	full
chymotrypsin	F,W,Y	P	C	full
chymotrypsin (no proline rule)	F,W,Y		C	full
CNBr	M		C	full
Glu-C	E		C	full
Lys-C	K	P	C	full
Lys-C (no proline rule)	K		C	full
Lys-N	K		N	full
semi-trypsin	K,R	P	C	semi
semi-trypsin (no proline rule)	K,R		C	semi
trypsin	K,R	P	C	full
trypsin (no proline rule)	K,R		C	full
tryptophan oxidation	W		C	full
non-specific	A,C,D,E,F,G,H,I,K,L,M,N,P,Q,R,S,T,U,V,W,Y		none	full
top-down			none	none
